<?xml version="1.0" encoding="UTF-8"?>
<feature
      id="org.eclipse.cvs"
      label="%featureName"
      version="1.0.1.R33x_r20070802-7C79_9_KKG-mDM9e3H5D"
      provider-name="%providerName">

   <description>
      %description
   </description>

   <license url="%licenseURL">
      %license
   </license>

   <url>
      <update label="%updateSiteName" url="http://update.eclipse.org/updates/3.3"/>
      <discovery label="%updateSiteName" url="http://update.eclipse.org/updates/3.3"/>
   </url>

   <requires>
      <import feature="org.eclipse.platform" version="3.3.0" match="compatible"/>
   </requires>

   <plugin
         id="org.eclipse.cvs"
         download-size="0"
         install-size="0"
         version="1.0.0.v20070606"
         unpack="false"/>

   <plugin
         id="org.eclipse.team.cvs.core"
         download-size="0"
         install-size="0"
         version="3.3.1.r33x_20070724"
         unpack="false"/>

   <plugin
         id="org.eclipse.team.cvs.ssh"
         download-size="0"
         install-size="0"
         version="3.2.100.I20061208"
         unpack="false"/>

   <plugin
         id="org.eclipse.team.cvs.ssh2"
         download-size="0"
         install-size="0"
         version="3.2.100.I20070604"
         unpack="false"/>

   <plugin
         id="org.eclipse.team.cvs.ui"
         download-size="0"
         install-size="0"
         version="3.3.1.r33x_20070807"
         unpack="false"/>

</feature>
