<?xml version="1.0" encoding="UTF-8"?>
<feature
      id="org.eclipse.platform"
      label="%featureName"
      version="3.3.2.R33x_v20071022-_19UEksF-G8Yc6bUv3Dz"
      provider-name="%providerName"
      image="eclipse_update_120.jpg">

   <description>
      %description
   </description>

   <copyright>
      %copyright
   </copyright>

   <license url="%licenseURL">
      %license
   </license>

   <url>
      <update label="%updateSiteName" url="http://update.eclipse.org/updates/3.3"/>
      <discovery label="%updateSiteName" url="http://update.eclipse.org/updates/3.3"/>
      <discovery label="%secondaryUpdateSiteName" url="http://download.eclipse.org/releases/europa"/>
   </url>

   <includes
         id="org.eclipse.rcp"
         version="3.3.2.R33x_r20071022-8y8eE9CEV3FspP8HJrY1M2dS"/>

   <plugin
         id="com.jcraft.jsch"
         download-size="0"
         install-size="0"
         version="0.1.31"
         unpack="false"/>

   <plugin
         id="javax.servlet"
         download-size="0"
         install-size="0"
         version="2.4.0.v200706111738"
         unpack="false"/>

   <plugin
         id="javax.servlet.jsp"
         download-size="0"
         install-size="0"
         version="2.0.0.v200706191603"
         unpack="false"/>

   <plugin
         id="org.apache.jasper"
         download-size="0"
         install-size="0"
         version="5.5.17.v200706111724"
         unpack="false"/>

   <plugin
         id="org.apache.commons.el"
         download-size="0"
         install-size="0"
         version="1.0.0.v200706111724"
         unpack="false"/>

   <plugin
         id="org.apache.commons.logging"
         download-size="0"
         install-size="0"
         version="1.0.4.v200706111724"
         unpack="false"/>

   <plugin
         id="org.apache.ant"
         download-size="0"
         install-size="0"
         version="1.7.0.v200706080842"/>

   <plugin
         id="org.apache.lucene"
         download-size="0"
         install-size="0"
         version="1.9.1.v200706111724"
         unpack="false"/>

   <plugin
         id="org.apache.lucene.analysis"
         download-size="0"
         install-size="0"
         version="1.9.1.v200706181610"
         unpack="false"/>

   <plugin
         id="org.eclipse.ant.core"
         download-size="0"
         install-size="0"
         version="3.1.200.v20070522"
         unpack="false"/>

   <plugin
         id="org.eclipse.compare"
         download-size="0"
         install-size="0"
         version="3.3.1.r33x_20070906"
         unpack="false"/>

   <plugin
         id="org.eclipse.core.boot"
         download-size="0"
         install-size="0"
         version="3.1.100.v20060603"
         unpack="false"/>

   <plugin
         id="org.eclipse.core.filebuffers"
         download-size="0"
         install-size="0"
         version="3.3.1.r331_v20070829"
         unpack="false"/>

   <plugin
         id="org.eclipse.core.filesystem"
         download-size="0"
         install-size="0"
         version="1.1.0.v20070606"
         unpack="false"/>

   <plugin
         id="org.eclipse.core.net"
         download-size="0"
         install-size="0"
         version="1.0.1.r33x_20070709"
         unpack="false"/>

   <plugin
         id="org.eclipse.core.resources"
         download-size="0"
         install-size="0"
         version="3.3.0.v20070604"
         unpack="false"/>

   <plugin
         id="org.eclipse.core.resources.compatibility"
         download-size="0"
         install-size="0"
         version="3.2.100.v20070502"
         fragment="true"
         unpack="false"/>

   <plugin
         id="org.eclipse.core.runtime.compatibility"
         download-size="0"
         install-size="0"
         version="3.1.200.v20070502"
         unpack="false"/>

   <plugin
         id="org.eclipse.osgi.services"
         download-size="0"
         install-size="0"
         version="3.1.200.v20070605"
         unpack="false"/>

   <plugin
         id="org.eclipse.osgi.util"
         download-size="0"
         install-size="0"
         version="3.1.200.v20070605"
         unpack="false"/>

   <plugin
         id="org.eclipse.core.variables"
         download-size="0"
         install-size="0"
         version="3.2.0.v20070426"
         unpack="false"/>

   <plugin
         id="org.eclipse.debug.core"
         download-size="0"
         install-size="0"
         version="3.3.1.v20070731_r331"
         unpack="false"/>

   <plugin
         id="org.eclipse.debug.ui"
         download-size="0"
         install-size="0"
         version="3.3.1.v20070731_r331"
         unpack="false"/>

   <plugin
         id="org.eclipse.equinox.http.registry"
         download-size="0"
         install-size="0"
         version="1.0.0.v20070608"
         unpack="false"/>

   <plugin
         id="org.eclipse.equinox.http.jetty"
         download-size="0"
         install-size="0"
         version="1.0.1.R33x_v20070816"
         unpack="false"/>

   <plugin
         id="org.eclipse.equinox.http.servlet"
         download-size="0"
         install-size="0"
         version="1.0.1.R33x_v20070816"
         unpack="false"/>

   <plugin
         id="org.eclipse.equinox.jsp.jasper"
         download-size="0"
         install-size="0"
         version="1.0.1.R33x_v20070816"
         unpack="false"/>

   <plugin
         id="org.eclipse.equinox.jsp.jasper.registry"
         download-size="0"
         install-size="0"
         version="1.0.0.v20070607"
         unpack="false"/>

   <plugin
         id="org.eclipse.help.webapp"
         download-size="0"
         install-size="0"
         version="3.3.1.v20070823_33x"
         unpack="false"/>

   <plugin
         id="org.eclipse.help.base"
         download-size="0"
         install-size="0"
         version="3.3.1.v20070813_33x"
         unpack="false"/>

   <plugin
         id="org.eclipse.help.ui"
         download-size="0"
         install-size="0"
         version="3.3.1.v20070726_33x"
         unpack="false"/>

   <plugin
         id="org.eclipse.help.appserver"
         download-size="0"
         install-size="0"
         version="3.1.200.v20070510"
         unpack="false"/>

   <plugin
         id="org.eclipse.ltk.core.refactoring"
         download-size="0"
         install-size="0"
         version="3.3.1.r331_v20070829"
         unpack="false"/>

   <plugin
         id="org.eclipse.ltk.ui.refactoring"
         download-size="0"
         install-size="0"
         version="3.3.1.r331_v20070829"
         unpack="false"/>

   <plugin
         id="org.eclipse.platform"
         download-size="0"
         install-size="0"
         version="3.3.2.R33x_v20071022"/>

   <plugin
         id="org.eclipse.platform.doc.user"
         download-size="0"
         install-size="0"
         version="3.3.0.M20070913-1400"
         unpack="false"/>

   <plugin
         id="org.eclipse.search"
         download-size="0"
         install-size="0"
         version="3.3.1.r331_v20070831-0800"
         unpack="false"/>

   <plugin
         id="org.eclipse.team.core"
         download-size="0"
         install-size="0"
         version="3.3.1.r33x_20070807"
         unpack="false"/>

   <plugin
         id="org.eclipse.team.ui"
         download-size="0"
         install-size="0"
         version="3.3.1.r33x_20070730"
         unpack="false"/>

   <plugin
         id="org.eclipse.tomcat"
         download-size="0"
         install-size="0"
         version="4.1.230.v20070531"/>

   <plugin
         id="org.eclipse.text"
         download-size="0"
         install-size="0"
         version="3.3.0.v20070606-0010"
         unpack="false"/>

   <plugin
         id="org.eclipse.jface.text"
         download-size="0"
         install-size="0"
         version="3.3.1.r331_v20070629"
         unpack="false"/>

   <plugin
         id="org.eclipse.jsch.core"
         download-size="0"
         install-size="0"
         version="1.0.0.I20070426"
         unpack="false"/>

   <plugin
         id="org.eclipse.jsch.ui"
         download-size="0"
         install-size="0"
         version="1.0.1.r33x_20070709"
         unpack="false"/>

   <plugin
         id="org.eclipse.ui.console"
         download-size="0"
         install-size="0"
         version="3.2.1.v20070824_r331"
         unpack="false"/>

   <plugin
         id="org.eclipse.ui.presentations.r21"
         download-size="0"
         install-size="0"
         version="3.2.100.I20070605-0010"
         unpack="false"/>

   <plugin
         id="org.eclipse.ui.intro"
         download-size="0"
         install-size="0"
         version="3.2.101.v20070827_33x"
         unpack="false"/>

   <plugin
         id="org.eclipse.ui.intro.universal"
         download-size="0"
         install-size="0"
         version="3.2.100.v20070530A"/>

   <plugin
         id="org.eclipse.ui.cheatsheets"
         download-size="0"
         install-size="0"
         version="3.3.0.v20070507"
         unpack="false"/>

   <plugin
         id="org.eclipse.ui.browser"
         download-size="0"
         install-size="0"
         version="3.2.100.v20070524A"
         unpack="false"/>

   <plugin
         id="org.eclipse.ui.navigator"
         download-size="0"
         install-size="0"
         version="3.3.2.M20071022-1600a"
         unpack="false"/>

   <plugin
         id="org.eclipse.ui.navigator.resources"
         download-size="0"
         install-size="0"
         version="3.3.1.M20070831-2000"
         unpack="false"/>

   <plugin
         id="org.eclipse.ui.net"
         download-size="0"
         install-size="0"
         version="1.0.0.I20070516"
         unpack="false"/>

   <plugin
         id="org.eclipse.ui.workbench.texteditor"
         download-size="0"
         install-size="0"
         version="3.3.1.r331_v20070806"
         unpack="false"/>

   <plugin
         id="org.eclipse.ui.views"
         download-size="0"
         install-size="0"
         version="3.2.101.M20070910-0800b"
         unpack="false"/>

   <plugin
         id="org.eclipse.ui.editors"
         download-size="0"
         install-size="0"
         version="3.3.1.r331_v20070629"
         unpack="false"/>

   <plugin
         id="org.eclipse.ui.forms"
         download-size="0"
         install-size="0"
         version="3.3.0.v20070511"
         unpack="false"/>

   <plugin
         id="org.eclipse.ui.externaltools"
         download-size="0"
         install-size="0"
         version="3.1.200.v20070416"
         unpack="false"/>

   <plugin
         id="org.eclipse.ui.ide"
         download-size="0"
         install-size="0"
         version="3.3.1.M20070910-0800b"
         unpack="false"/>

   <plugin
         id="org.eclipse.ui.ide.application"
         download-size="0"
         install-size="0"
         version="1.0.0.I20070530-0100"
         unpack="false"/>

   <plugin
         id="org.eclipse.ui.win32"
         ws="win32"
         download-size="0"
         install-size="0"
         version="3.2.100.I20070319-0010"
         fragment="true"
         unpack="false"/>

   <plugin
         id="org.eclipse.update.core"
         download-size="0"
         install-size="0"
         version="3.2.101.R33x_v20070911"
         unpack="false"/>

   <plugin
         id="org.eclipse.update.scheduler"
         download-size="0"
         install-size="0"
         version="3.2.100.v20070615"
         unpack="false"/>

   <plugin
         id="org.eclipse.update.ui"
         download-size="0"
         install-size="0"
         version="3.2.100.v20070615"
         unpack="false"/>

   <plugin
         id="org.eclipse.ui.workbench.compatibility"
         download-size="0"
         install-size="0"
         version="3.2.0.I20070319-0010"
         fragment="true"/>

   <plugin
         id="org.eclipse.core.filesystem.hpux.ia64_32"
         os="hpux"
         arch="ia64_32"
         download-size="0"
         install-size="0"
         version="1.0.0.v20060603"
         fragment="true"
         unpack="false"/>

   <plugin
         id="org.eclipse.core.filesystem.hpux.PA_RISC"
         os="hpux"
         arch="PA_RISC"
         download-size="0"
         install-size="0"
         version="1.0.0.v20060603"
         fragment="true"
         unpack="false"/>

   <plugin
         id="org.eclipse.core.filesystem.linux.ppc"
         os="linux"
         arch="ppc"
         download-size="0"
         install-size="0"
         version="1.0.100.v20070430"
         fragment="true"
         unpack="false"/>

   <plugin
         id="org.eclipse.core.filesystem.linux.x86"
         os="linux"
         arch="x86"
         download-size="0"
         install-size="0"
         version="1.1.0.v20070416"
         fragment="true"
         unpack="false"/>

   <plugin
         id="org.eclipse.core.filesystem.linux.x86_64"
         os="linux"
         arch="x86_64"
         download-size="0"
         install-size="0"
         version="1.0.100.v20070510"
         fragment="true"
         unpack="false"/>

   <plugin
         id="org.eclipse.core.filesystem.solaris.sparc"
         os="solaris"
         arch="sparc"
         download-size="0"
         install-size="0"
         version="1.0.100.v20070425"
         fragment="true"
         unpack="false"/>

   <plugin
         id="org.eclipse.core.filesystem.macosx"
         os="macosx"
         download-size="0"
         install-size="0"
         version="1.0.0.v20060603"
         fragment="true"
         unpack="false"/>

   <plugin
         id="org.eclipse.core.filesystem.qnx.x86"
         os="qnx"
         ws="photon"
         arch="x86"
         download-size="0"
         install-size="0"
         version="1.0.0.v20060603"
         fragment="true"
         unpack="false"/>

   <plugin
         id="org.eclipse.core.filesystem.win32.x86"
         os="win32"
         arch="x86"
         download-size="0"
         install-size="0"
         version="1.1.0.v20070510"
         fragment="true"
         unpack="false"/>

   <plugin
         id="org.eclipse.core.resources.win32"
         os="win32"
         download-size="0"
         install-size="0"
         version="3.3.0.v20070226"
         fragment="true"
         unpack="false"/>

   <plugin
         id="org.eclipse.update.core.linux"
         os="linux"
         download-size="0"
         install-size="0"
         version="3.2.0.v20070615"
         fragment="true"
         unpack="false"/>

   <plugin
         id="org.eclipse.update.core.win32"
         os="win32"
         download-size="0"
         install-size="0"
         version="3.2.100.v20070615"
         fragment="true"
         unpack="false"/>

   <plugin
         id="org.eclipse.ui.views.properties.tabbed"
         download-size="0"
         install-size="0"
         version="3.3.1.M20070831-0800"
         unpack="false"/>

   <plugin
         id="org.eclipse.core.runtime.compatibility.registry"
         download-size="0"
         install-size="0"
         version="3.2.100.v20070316"
         fragment="true"/>

   <plugin
         id="org.mortbay.jetty"
         download-size="0"
         install-size="0"
         version="5.1.11.v200706111724"
         unpack="false"/>

</feature>
