<?xml version="1.0" encoding="UTF-8"?>
<feature
      id="net.sf.octclipse"
      label="%featureName"
      version="0.9.1"
      provider-name="%featureProvider"
      plugin="net.sf.octclipse.rcp">

   <description>
      %description
   </description>

   <copyright url="http://www.eclipse.org/legal/epl-v10.html">
      %copy
   </copyright>

   <license url="http://www.eclipse.org/legal/epl-v10.html">
      %license
   </license>

   <url>
      <update label="Octclipse Update Site" url="http://octclipse.sourceforge.net/update-site/"/>
   </url>

   <requires>
      <import plugin="org.eclipse.core.runtime"/>
      <import plugin="org.eclipse.dltk.core"/>
      <import plugin="org.eclipse.core.resources"/>
      <import plugin="net.sf.octclipse.runtime.symbols"/>
      <import plugin="org.eclipse.ui"/>
      <import plugin="org.eclipse.dltk.debug"/>
      <import plugin="org.eclipse.debug.ui"/>
      <import plugin="org.eclipse.core.variables"/>
      <import plugin="org.eclipse.ui.ide"/>
      <import plugin="org.eclipse.ui.console"/>
      <import plugin="org.eclipse.ui.workbench.texteditor"/>
      <import plugin="org.eclipse.jface.text"/>
      <import plugin="org.eclipse.dltk.ui"/>
      <import plugin="org.eclipse.dltk.debug.ui"/>
      <import plugin="org.eclipse.dltk.launching"/>
      <import plugin="org.eclipse.dltk.console"/>
      <import plugin="org.eclipse.dltk.console.ui"/>
      <import plugin="net.sf.octclipse.core"/>
      <import plugin="net.sf.octclipse.launching"/>
      <import plugin="net.sf.octclipse.debug"/>
      <import plugin="net.sf.octclipse.ui"/>
      <import plugin="org.eclipse.debug.core"/>
      <import plugin="org.eclipse.ui.editors"/>
      <import plugin="org.eclipse.search"/>
      <import plugin="org.eclipse.ui.intro"/>
   </requires>

   <plugin
         id="net.sf.octclipse.core"
         download-size="0"
         install-size="0"
         version="0.9.1"
         unpack="false"/>

   <plugin
         id="net.sf.octclipse.debug"
         download-size="0"
         install-size="0"
         version="0.9.1"
         unpack="false"/>

   <plugin
         id="net.sf.octclipse.debug.ui"
         download-size="0"
         install-size="0"
         version="0.9.1"
         unpack="false"/>

   <plugin
         id="net.sf.octclipse.launching"
         download-size="0"
         install-size="0"
         version="0.9.1"
         unpack="false"/>

   <plugin
         id="net.sf.octclipse.runtime.symbols"
         download-size="0"
         install-size="0"
         version="0.9.1"
         unpack="false"/>

   <plugin
         id="net.sf.octclipse.ui"
         download-size="0"
         install-size="0"
         version="0.9.1"
         unpack="false"/>

   <plugin
         id="net.sf.octclipse.rcp"
         download-size="0"
         install-size="0"
         version="0.9.1"
         unpack="false"/>

</feature>
